{
  "adf_tests": {
    "revenue": {
      "adf_stat": -2.081273370850588,
      "p_value": 0.25211103472787066,
      "stationary": "False",
      "critical_1pct": -3.626651907578875,
      "critical_5pct": -2.9459512825788754
    },
    "hrc_price": {
      "adf_stat": -2.506735051858312,
      "p_value": 0.1138442022487356,
      "stationary": "False",
      "critical_1pct": -3.626651907578875,
      "critical_5pct": -2.9459512825788754
    },
    "wti_crude": {
      "adf_stat": -1.64434284914603,
      "p_value": 0.4599924403700864,
      "stationary": "False",
      "critical_1pct": -3.6209175221605827,
      "critical_5pct": -2.9435394610388332
    }
  },
  "diff_applied": {
    "hrc_price": true,
    "revenue": true,
    "wti_crude": true
  },
  "model1": {
    "lag": 1,
    "aic": 22.327571414044453,
    "bic": 22.591491237120472,
    "n_obs": 36,
    "variables": [
      "hrc_price",
      "revenue"
    ],
    "stable": true,
    "max_eigenvalue": 3.806162375526604,
    "ljungbox_hrc_price_pmin": 0.07008166826963064,
    "ljungbox_revenue_pmin": 0.1798563027492979
  },
  "model1_irf": {
    "steps": [
      0,
      1,
      2,
      3,
      4,
      5,
      6,
      7,
      8
    ],
    "hrc_to_revenue": [
      0.0,
      0.709490042456194,
      0.3043348176085772,
      0.08156933014543229,
      0.01398142860229664,
      0.0003667465179940285,
      -0.00080779480924907,
      -0.00037181830126707584,
      -0.00010373049863987409
    ],
    "revenue_to_hrc": [
      0.0,
      -0.08127417600880821,
      -0.03486245056561909,
      -0.009344007242455097,
      -0.0016016138650005137,
      -4.2011894840518234e-05,
      9.253527685691818e-05,
      4.259288256655445e-05,
      1.188263442676731e-05
    ],
    "hrc_to_revenue_cum": [
      0.0,
      0.709490042456194,
      1.0138248600647712,
      1.0953941902102036,
      1.1093756188125001,
      1.109742365330494,
      1.108934570521245,
      1.108562752219978,
      1.1084590217213381
    ]
  },
  "model1_fevd": {
    "steps": [
      1,
      2,
      3,
      4,
      5,
      6,
      7,
      8
    ],
    "revenue_explained_by_hrc": [
      0.5915330702822781,
      0.6239068968786026,
      0.6249941214612083,
      0.6248740969982364,
      0.6248614325747817,
      0.6248612842459754,
      0.6248613282363458,
      0.6248613303056656
    ],
    "revenue_explained_by_revenue": [
      0.40846692971772186,
      0.3760931031213974,
      0.37500587853879175,
      0.3751259030017637,
      0.3751385674252184,
      0.3751387157540249,
      0.37513867176365445,
      0.3751386696943347
    ]
  },
  "model2": {
    "lag": 2,
    "aic": 26.604288180479973,
    "bic": 27.53749701737362,
    "n_obs": 35,
    "variables": [
      "hrc_price",
      "wti_crude",
      "revenue"
    ],
    "stable": true,
    "max_eigenvalue": 2.4785023427783486,
    "ljungbox_hrc_price_pmin": 0.25909056250526763,
    "ljungbox_wti_crude_pmin": 0.08250205111829657,
    "ljungbox_revenue_pmin": 0.27304934647933876
  },
  "model2_irf": {
    "steps": [
      0,
      1,
      2,
      3,
      4,
      5,
      6,
      7,
      8
    ],
    "hrc_to_revenue": [
      0.0,
      0.9093505564421727,
      1.9931102324168668,
      0.56035549035235,
      -0.5217469489555924,
      -0.2643237851683722,
      0.022227992330186172,
      -0.0184372252491774,
      -0.02267010865418005
    ],
    "wti_to_revenue": [
      0.0,
      23.909367915199145,
      5.638601621800181,
      -9.723663787822417,
      -3.6672024057552743,
      1.7608310160957878,
      0.2802472598360042,
      -0.5337924337680833,
      0.3229191049730326
    ],
    "wti_to_hrc": [
      0.0,
      5.730470771921537,
      -0.2902348547369835,
      -3.179055620557066,
      -0.6464411504166337,
      0.6918487134146731,
      0.10951093063202355,
      -0.11516997477523913,
      0.0966833874467265
    ]
  },
  "model2_fevd": {
    "steps": [
      1,
      2,
      3,
      4,
      5,
      6,
      7,
      8
    ],
    "revenue_from_hrc": [
      0.57791168484998,
      0.5197179029871439,
      0.4770750839478599,
      0.47576334369923623,
      0.47419217478989656,
      0.477334167559495,
      0.4772955967632271,
      0.4772687636854417
    ],
    "revenue_from_wti": [
      0.10603703672749105,
      0.19771213965130463,
      0.17201995252980778,
      0.18988242392503382,
      0.1875534088724878,
      0.1869767179730903,
      0.18694030732897157,
      0.18689978688248973
    ],
    "revenue_from_own": [
      0.3160512784225288,
      0.2825699573615512,
      0.3509049635223319,
      0.33435423237572953,
      0.33825441633761527,
      0.3356891144674145,
      0.3357640959078011,
      0.33583144943206833
    ]
  }
}